PDS Main Category ID;PDS 2nd Level Category ID;"PDS Category ID
[one or more entries possible per cell]";PDS Category name;Icon Mapping;;Focus color;Default color
Main Category ID;Second Level Category ID;ICON_ID;PDS_CAT_NAME;ICON_PATH_DEFAULT;;Design token;Design token
100 Eat and Drink ;1000 Restaurant;100-1000-0000;Restaurant;restaurant_solid_16px.svg;;$hds-poi-focus-eat-drink;$hds-poi-default-eat-drink
;;100-1000-0001;Casual Dining;restaurant_solid_16px.svg;;$hds-poi-focus-eat-drink;$hds-poi-default-eat-drink
;;100-1000-0002;Fine Dining;restaurant_solid_16px.svg;;$hds-poi-focus-eat-drink;$hds-poi-default-eat-drink
;;100-1000-0003;Take Out and Delivery Only;restaurant_solid_16px.svg;;$hds-poi-focus-eat-drink;$hds-poi-default-eat-drink
;;100-1000-0004;Food Market-Stall;restaurant_solid_16px.svg;;$hds-poi-focus-eat-drink;$hds-poi-default-eat-drink
;;100-1000-0005;Taqueria;restaurant_solid_16px.svg;;$hds-poi-focus-eat-drink;$hds-poi-default-eat-drink
;;100-1000-0006;Deli;restaurant_solid_16px.svg;;$hds-poi-focus-eat-drink;$hds-poi-default-eat-drink
;;100-1000-0007;Cafeteria;restaurant_solid_16px.svg;;$hds-poi-focus-eat-drink;$hds-poi-default-eat-drink
;;100-1000-0008;Bistro;restaurant_solid_16px.svg;;$hds-poi-focus-eat-drink;$hds-poi-default-eat-drink
;1100 Coffee-Tea;100-1000-0009;Fast Food;fast-food_solid_16px.svg;;$hds-poi-focus-eat-drink;$hds-poi-default-eat-drink
;;100-1100-0000;Coffee-Tea;coffee_solid_16px.svg;;$hds-poi-focus-eat-drink;$hds-poi-default-eat-drink
;;100-1100-0010;Coffee Shop;coffee_solid_16px.svg;;$hds-poi-focus-eat-drink;$hds-poi-default-eat-drink
;;100-1100-0331;Tea House;coffee_solid_16px.svg;;$hds-poi-focus-eat-drink;$hds-poi-default-eat-drink
200 Going out-Entertainment;2000 Nightlife-Entertainment;200-2000-0000;Nightlife-Entertainment;night-club_solid_16px.svg;;$hds-poi-focus-entertainment;$hds-poi-default-entertainment
;;200-2000-0011;Bar or Pub;pub_solid_16px.svg;;$hds-poi-focus-entertainment;$hds-poi-default-entertainment
;;200-2000-0012;Night Club;night-club_solid_16px.svg;;$hds-poi-focus-entertainment;$hds-poi-default-entertainment
;;200-2000-0013;Dancing;night-club_solid_16px.svg;;$hds-poi-focus-entertainment;$hds-poi-default-entertainment
;;200-2000-0014;Karaoke;karaoke_solid_16px.svg;;$hds-poi-focus-entertainment;$hds-poi-default-entertainment
;;200-2000-0015;Live Entertainment-Music;night-club_solid_16px.svg;;$hds-poi-focus-entertainment;$hds-poi-default-entertainment
;;200-2000-0016;Billiards-Pool Hall;pool_solid_16px.svg;;$hds-poi-focus-entertainment;$hds-poi-default-entertainment
;;200-2000-0017;Video Arcade-Game Room;game-arcade_solid_16px.svg;;$hds-poi-focus-entertainment;$hds-poi-default-entertainment
;;200-2000-0018;Jazz Club;night-club_solid_16px.svg;;$hds-poi-focus-entertainment;$hds-poi-default-entertainment
;;200-2000-0019;Beer Garden;pub_solid_16px.svg;;$hds-poi-focus-entertainment;$hds-poi-default-entertainment
;;200-2000-0306;Adult Entertainment;night-club_solid_16px.svg;;$hds-poi-focus-entertainment;$hds-poi-default-entertainment
;;200-2000-0368;Cocktail Lounge;cocktail_solid_16px.svg;;$hds-poi-focus-entertainment;$hds-poi-default-entertainment
;2100 Cinema;200-2100-0019;Cinema;cinema_solid_16px.svg;;$hds-poi-focus-entertainment;$hds-poi-default-entertainment
;2200 Theatre, Music and Culture;200-2200-0000;Theatre, Music and Culture;generic-point_solid_16px.svg;;$hds-poi-focus-entertainment;$hds-poi-default-entertainment
;;200-2200-0020;Performing Arts;theater_solid_16px.svg;;$hds-poi-focus-entertainment;$hds-poi-default-entertainment
;2300 Gambling-Lottery-Betting;200-2300-0000;Gambling-Lottery-Betting;casino_solid_16px.svg;;$hds-poi-focus-entertainment;$hds-poi-default-entertainment
;;200-2300-0021;Casino;casino_solid_16px.svg;;$hds-poi-focus-entertainment;$hds-poi-default-entertainment
;;200-2300-0022;Lottery Booth;travel-agent-ticketing_solid_16px.svg;;$hds-poi-focus-entertainment;$hds-poi-default-entertainment
300 Sights and Museums;3000 Landmark-Attraction;300-3000-0000;Landmark-Attraction;attraction_solid_16px.svg;;$hds-poi-focus-sights-museum;$hds-poi-default-sights-museum
;;300-3000-0023;Tourist Attraction;attraction_solid_16px.svg;;$hds-poi-focus-sights-museum;$hds-poi-default-sights-museum
;;300-3000-0024;Gallery;art-gallery_solid_16px.svg;;$hds-poi-focus-sights-museum;$hds-poi-default-sights-museum
;;300-3000-0025;Historical Monument;attraction_solid_16px.svg;;$hds-poi-focus-sights-museum;$hds-poi-default-sights-museum
;;300-3000-0030;Castle;attraction_solid_16px.svg;;$hds-poi-focus-sights-museum;$hds-poi-default-sights-museum
;;300-3000-0065;Winery;generic-point_solid_16px.svg;;$hds-poi-focus-sights-museum;$hds-poi-default-sights-museum
;;300-3000-0232;Named Intersection-Chowk;generic-point_solid_16px.svg;;$hds-poi-focus-sights-museum;$hds-poi-default-sights-museum
;;300-3000-0350;Brewery;generic-point_solid_16px.svg;;$hds-poi-focus-sights-museum;$hds-poi-default-sights-museum
;;300-3000-0351;Distillery;attraction_solid_16px.svg;;$hds-poi-focus-sights-museum;$hds-poi-default-sights-museum
;3100 Museum;300-3100-0000;Museum;attraction_solid_16px.svg;;$hds-poi-focus-sights-museum;$hds-poi-default-sights-museum
;;300-3100-0026;Science Museum;attraction_solid_16px.svg;;$hds-poi-focus-sights-museum;$hds-poi-default-sights-museum
;;300-3100-0027;Children's Museum;attraction_solid_16px.svg;;$hds-poi-focus-sights-museum;$hds-poi-default-sights-museum
;;300-3100-0028;History Museum;attraction_solid_16px.svg;;$hds-poi-focus-sights-museum;$hds-poi-default-sights-museum
;;300-3100-0029;Art Museum;attraction_solid_16px.svg;;$hds-poi-focus-sights-museum;$hds-poi-default-sights-museum
;3200 Religious Place;300-3200-0000;Religious Place;religious-place_solid_16px.svg;;$hds-poi-focus-facilities;$hds-poi-default-facilities
;;300-3200-0030;Church;religious-place_solid_16px.svg;;$hds-poi-focus-facilities;$hds-poi-default-facilities
;;300-3200-0031;Temple;religious-place_solid_16px.svg;;$hds-poi-focus-facilities;$hds-poi-default-facilities
;;300-3200-0032;Synagogue;religious-place_solid_16px.svg;;$hds-poi-focus-facilities;$hds-poi-default-facilities
;;300-3200-0033;Ashram;religious-place_solid_16px.svg;;$hds-poi-focus-facilities;$hds-poi-default-facilities
;;300-3200-0034;Mosque;religious-place_solid_16px.svg;;$hds-poi-focus-facilities;$hds-poi-default-facilities
;;300-3200-0035;Shrine;religious-place_solid_16px.svg;;$hds-poi-focus-facilities;$hds-poi-default-facilities
;;300-3200-0309;Other Place of Worship;religious-place_solid_16px.svg;;$hds-poi-focus-facilities;$hds-poi-default-facilities
;;300-3200-0375;Gurdwara;religious-place_solid_16px.svg;;$hds-poi-focus-facilities;$hds-poi-default-facilities
;;300-3200-0376;Pagoda;religious-place_solid_16px.svg;;$hds-poi-focus-facilities;$hds-poi-default-facilities
350 Natural and Geographical;3500 Body of Water;350-3500-0233;Body of water;generic-point_solid_16px.svg;;$hds-poi-focus-water-undersea;$hds-poi-default-water-undersea
;;350-3500-0234;Reservoir;generic-point_solid_16px.svg;;$hds-poi-focus-water-undersea;$hds-poi-default-water-undersea
;;350-3500-0235;Waterfall;waterfall_solid_16px.svg;;$hds-poi-focus-water-undersea;$hds-poi-default-water-undersea
;;350-3500-0300;Bay-Harbor;harbor_solid_16px.svg;;$hds-poi-focus-water-undersea;$hds-poi-default-water-undersea
;;350-3500-0302;River;generic-point_solid_16px.svg;;$hds-poi-focus-water-undersea;$hds-poi-default-water-undersea
;;350-3500-0303;Canal;generic-point_solid_16px.svg;;$hds-poi-focus-water-undersea;$hds-poi-default-water-undersea
;;350-3500-0304;Lake;generic-point_solid_16px.svg;;$hds-poi-focus-water-undersea;$hds-poi-default-water-undersea
;3510 Mountain or Hill;350-3510-0236;Mountain or Hill;mountain_solid_16px.svg;;$hds-poi-focus-natural-geographical;$hds-poi-default-natural-geographical
;;350-3510-0237;Mountain Passes;mountain-pass_solid_16px.svg;;$hds-poi-focus-natural-geographical;$hds-poi-default-natural-geographical
;;350-3510-0238;Mountain Peaks;mountain_solid_16px.svg;;$hds-poi-focus-natural-geographical;$hds-poi-default-natural-geographical
;3520 Undersea Feature;350-3520-0224;Undersea Feature;generic-point_solid_16px.svg;;$hds-poi-focus-water-undersea;$hds-poi-default-water-undersea
;3522 Forest, Heath or Other Vegetation;350-3522-0239;Forest, Heath or Other Vegetation;nature_solid_16px.svg;;$hds-poi-focus-leisure-outdoor;$hds-poi-default-leisure-outdoor
;3550 Natural and Geographical;350-3550-0336;Natural and Geographical;nature_solid_16px.svg;;$hds-poi-focus-leisure-outdoor;$hds-poi-default-leisure-outdoor
400 Transport;4000 Airport;400-4000-4580;Public Sports Airport;airport_solid_16px.svg;;$hds-poi-focus-transport;$hds-poi-default-transport
;;400-4000-4581;Airport;airport_solid_16px.svg;;$hds-poi-focus-transport;$hds-poi-default-transport
;;400-4000-4582;Airport Terminal;airport_solid_16px.svg;;$hds-poi-focus-transport;$hds-poi-default-transport
;4100 Public Transport;400-4100-0035;Train Station;train_solid_16px.svg;;$hds-poi-focus-transport;$hds-poi-default-transport
;;400-4100-0036;Bus Station;bus_solid_16px.svg;;$hds-poi-focus-transport;$hds-poi-default-transport
;;400-4100-0037;Underground Train-Subway;metro_solid_16px.svg;;$hds-poi-focus-transport;$hds-poi-default-transport
;;400-4100-0038;Commuter Rail Station;rail-regional_solid_16px.svg;;$hds-poi-focus-transport;$hds-poi-default-transport
;;400-4100-0039;Commuter Train;rail-regional_solid_16px.svg;;$hds-poi-focus-transport;$hds-poi-default-transport
;;400-4100-0040;Public Transit Access;generic-point_solid_16px.svg;;$hds-poi-focus-transport;$hds-poi-default-transport
;;400-4100-0041;Transportation Service;generic-point_solid_16px.svg;;$hds-poi-focus-transport;$hds-poi-default-transport
;;400-4100-0042;Bus Stop;bus_solid_16px.svg;;$hds-poi-focus-transport;$hds-poi-default-transport
;;400-4100-0043;Local Transit;generic-point_solid_16px.svg;;$hds-poi-focus-transport;$hds-poi-default-transport
;;400-4100-0044;Ferry Terminal;ferry_solid_16px.svg;;$hds-poi-focus-transport;$hds-poi-default-transport
;;400-4100-0045;Boat Ferry;ferry_solid_16px.svg;;$hds-poi-focus-transport;$hds-poi-default-transport
;;400-4100-0046;Rail Ferry;ferry_solid_16px.svg;;$hds-poi-focus-transport;$hds-poi-default-transport
;;400-4100-0047;Taxi Stand;taxi_solid_16px.svg;;$hds-poi-focus-transport;$hds-poi-default-transport
;;400-4100-0226;Highway Exit;generic-point_solid_16px.svg;;$hds-poi-focus-transport;$hds-poi-default-transport
;;400-4100-0326;Tollbooth;toll-booth_solid_16px.svg;;$hds-poi-focus-transport;$hds-poi-default-transport
;;400-4100-0337;Lightrail;rail-light_solid_16px.svg;;$hds-poi-focus-transport;$hds-poi-default-transport
;;400-4100-0338;Water Transit;ferry_solid_16px.svg;;$hds-poi-focus-transport;$hds-poi-default-transport
;;400-4100-0339;Monorail;monorail_solid_16px.svg;;$hds-poi-focus-transport;$hds-poi-default-transport
;;400-4100-0340;Aerial Tramway;cable-way_solid_16px.svg;;$hds-poi-focus-transport;$hds-poi-default-transport
;;400-4100-0341;Bus Rapid Transit;bus_solid_16px.svg;;$hds-poi-focus-transport;$hds-poi-default-transport
;;400-4100-0342;Inclined Rail;inclined_solid_16px.svg;;$hds-poi-focus-transport;$hds-poi-default-transport
;;400-4100-0347;Bicycle Sharing Location;generic-point_solid_16px.svg;;$hds-poi-focus-transport;$hds-poi-default-transport
;;400-4100-0348;Bicycle Parking;parking-bicycle_solid_16px.svg;;$hds-poi-focus-transport;$hds-poi-default-transport
;4200 Cargo Transportation;400-4200-0048;Weigh Station;generic-point_solid_16px.svg;;$hds-poi-focus-transport;$hds-poi-default-transport
;;400-4200-0049;Cargo Center;generic-point_solid_16px.svg;;$hds-poi-focus-transport;$hds-poi-default-transport
;;400-4200-0050;Rail Yard;generic-point_solid_16px.svg;;$hds-poi-focus-transport;$hds-poi-default-transport
;;400-4200-0051;Seaport-Harbour;harbor_solid_16px.svg;;$hds-poi-focus-water-undersea;$hds-poi-default-water-undersea
;;400-4200-0052;Airport Cargo;generic-point_solid_16px.svg;;$hds-poi-focus-transport;$hds-poi-default-transport
;;400-4200-0240;Couriers;generic-point_solid_16px.svg;;$hds-poi-focus-transport;$hds-poi-default-transport
;;400-4200-0241;Cargo Transportation;generic-point_solid_16px.svg;;$hds-poi-focus-transport;$hds-poi-default-transport
;;400-4200-0311;Delivery Entrance;generic-point_solid_16px.svg;;$hds-poi-focus-transport;$hds-poi-default-transport
;;400-4200-0312;Loading Dock;generic-point_solid_16px.svg;;$hds-poi-focus-transport;$hds-poi-default-transport
;;400-4200-0313;Loading Zone;generic-point_solid_16px.svg;;$hds-poi-focus-transport;$hds-poi-default-transport
;4300 Rest Area;400-4300-0000;Rest Area;picnic-area_solid_16px.svg;;$hds-poi-focus-parking;$hds-poi-default-parking
;;400-4300-0199;Complete Rest Area;picnic-area_solid_16px.svg;;$hds-poi-focus-parking;$hds-poi-default-parking
;;400-4300-0200;Parking and Restroom Only Rest Area;picnic-area_solid_16px.svg;;$hds-poi-focus-parking;$hds-poi-default-parking
;;400-4300-0201;Parking Only Rest Area;picnic-area_solid_16px.svg;;$hds-poi-focus-parking;$hds-poi-default-parking
;;400-4300-0202;Motorway Service Rest Area;picnic-area_solid_16px.svg;;$hds-poi-focus-parking;$hds-poi-default-parking
;;400-4300-0308;Scenic Overlook Rest Area;nature-overlook_solid_16px.svg;;$hds-poi-focus-leisure-outdoor;$hds-poi-default-leisure-outdoor
500 Accomodations;5000 Hotel-Motel;500-5000-0000;Hotel or Motel;hotel_solid_16px.svg;;$hds-poi-focus-accomodation;$hds-poi-default-accomodation
;;500-5000-0053;Hotel;hotel_solid_16px.svg;;$hds-poi-focus-accomodation;$hds-poi-default-accomodation
;;500-5000-0054;Motel;hotel_solid_16px.svg;;$hds-poi-focus-accomodation;$hds-poi-default-accomodation
;5100 Lodging;500-5100-0000;Lodging;hotel_solid_16px.svg;;$hds-poi-focus-accomodation;$hds-poi-default-accomodation
;;500-5100-0055;Hostel;hotel_solid_16px.svg;;$hds-poi-focus-accomodation;$hds-poi-default-accomodation
;;500-5100-0056;Campground;camping_solid_16px.svg;;$hds-poi-focus-accomodation;$hds-poi-default-accomodation
;;500-5100-0057;Guest House;hotel_solid_16px.svg;;$hds-poi-focus-accomodation;$hds-poi-default-accomodation
;;500-5100-0058;Bed and Breakfast;hotel_solid_16px.svg;;$hds-poi-focus-accomodation;$hds-poi-default-accomodation
;;500-5100-0059;Holiday Park;hotel_solid_16px.svg;;$hds-poi-focus-accomodation;$hds-poi-default-accomodation
;;500-5100-0060;Short-Time Motel;hotel_solid_16px.svg;;$hds-poi-focus-accomodation;$hds-poi-default-accomodation
;;500-5100-0061;Ryokan;hotel_solid_16px.svg;;$hds-poi-focus-accomodation;$hds-poi-default-accomodation
550 Leisure and Outdoor;5510 Outdoor-Recreation;550-5510-0000;Outdoor-Recreation;nature_solid_16px.svg;;$hds-poi-focus-leisure-outdoor;$hds-poi-default-leisure-outdoor
;;550-5510-0202;Park-Recreation Area;nature_solid_16px.svg;;$hds-poi-focus-leisure-outdoor;$hds-poi-default-leisure-outdoor
;;550-5510-0203;Sports Field;generic-point_solid_16px.svg;;$hds-poi-focus-leisure-outdoor;$hds-poi-default-leisure-outdoor
;;550-5510-0204;Garden;nature_solid_16px.svg;;$hds-poi-focus-leisure-outdoor;$hds-poi-default-leisure-outdoor
;;550-5510-0205;Beach;beach_solid_16px.svg;;$hds-poi-focus-leisure-outdoor;$hds-poi-default-leisure-outdoor
;;550-5510-0206;Recreation Center;generic-point_solid_16px.svg;;$hds-poi-focus-leisure-outdoor;$hds-poi-default-leisure-outdoor
;;550-5510-0227;Ski Lift;ski-run_solid_16px.svg;;$hds-poi-focus-leisure-outdoor;$hds-poi-default-leisure-outdoor
;;550-5510-0242;Scenic Point;nature-overlook_solid_16px.svg;;$hds-poi-focus-leisure-outdoor;$hds-poi-default-leisure-outdoor
;;550-5510-0358;Off Road Trailhead;generic-point_solid_16px.svg;;$hds-poi-focus-leisure-outdoor;$hds-poi-default-leisure-outdoor
;;550-5510-0359;Trailhead;generic-point_solid_16px.svg;;$hds-poi-focus-leisure-outdoor;$hds-poi-default-leisure-outdoor
;;550-5510-0374;Off-Road Vehicle Area;generic-point_solid_16px.svg;;$hds-poi-focus-leisure-outdoor;$hds-poi-default-leisure-outdoor
;;550-5510-0378;Campsite;camping_solid_16px.svg;;$hds-poi-focus-accomodation;$hds-poi-default-accomodation
;;550-5510-0379;Outdoor Service;generic-point_solid_16px.svg;;$hds-poi-focus-leisure-outdoor;$hds-poi-default-leisure-outdoor
;;550-5510-0380;Ranger Station;generic-point_solid_16px.svg;;$hds-poi-focus-leisure-outdoor;$hds-poi-default-leisure-outdoor
;;550-5510-0387;Bicycle Service;generic-point_solid_16px.svg;;$hds-poi-focus-leisure-outdoor;$hds-poi-default-leisure-outdoor
;5520 Leisure;550-5520-0000;Leisure;amusement-park_solid_16px.svg;;$hds-poi-focus-leisure-outdoor;$hds-poi-default-leisure-outdoor
;;550-5520-0207;Amusement Park;amusement-park_solid_16px.svg;;$hds-poi-focus-leisure-outdoor;$hds-poi-default-leisure-outdoor
;;550-5520-0208;Zoo;zoo_solid_16px.svg;;$hds-poi-focus-leisure-outdoor;$hds-poi-default-leisure-outdoor
;;550-5520-0209;Wild Animal Park;zoo_solid_16px.svg;;$hds-poi-focus-leisure-outdoor;$hds-poi-default-leisure-outdoor
;;550-5520-0210;Wildlife Refuge;generic-point_solid_16px.svg;;$hds-poi-focus-leisure-outdoor;$hds-poi-default-leisure-outdoor
;;550-5520-0211;Aquarium;attraction_solid_16px.svg;;$hds-poi-focus-sights-museum;$hds-poi-default-sights-museum
;;550-5520-0212;Ski Resort;ski-run_solid_16px.svg;;$hds-poi-focus-leisure-outdoor;$hds-poi-default-leisure-outdoor
;;550-5520-0228;Animal Park;zoo_solid_16px.svg;;$hds-poi-focus-leisure-outdoor;$hds-poi-default-leisure-outdoor
;;550-5520-0357;Water Park;generic-point_solid_16px.svg;;$hds-poi-focus-leisure-outdoor;$hds-poi-default-leisure-outdoor
600 Shopping;6000 Convenience Store;600-6000-0061;Convenience Store;shopping_solid_16px.svg;;$hds-poi-focus-shopping;$hds-poi-default-shopping
;6100 Mall-ShoppingComplex;600-6100-0062;Shopping Mall;shopping_solid_16px.svg;;$hds-poi-focus-shopping;$hds-poi-default-shopping
;6200 Department Store;600-6200-0063;Department Store;shopping_solid_16px.svg;;$hds-poi-focus-shopping;$hds-poi-default-shopping
;6300 Food and Drink;600-6300-0064;Food-Beverage Specialty Store;shopping_solid_16px.svg;;$hds-poi-focus-shopping;$hds-poi-default-shopping
;;600-6300-0066;Grocery;shopping_solid_16px.svg;;$hds-poi-focus-shopping;$hds-poi-default-shopping
;;600-6300-0067;Specialty Food Store;shopping_solid_16px.svg;;$hds-poi-focus-shopping;$hds-poi-default-shopping
;;600-6300-0068;Wine and Liquor;shopping_solid_16px.svg;;$hds-poi-focus-shopping;$hds-poi-default-shopping
;;600-6300-0244;Bakery and Baked Goods Store;shopping_solid_16px.svg;;$hds-poi-focus-shopping;$hds-poi-default-shopping
;;600-6300-0245;Sweet Shop;shopping_solid_16px.svg;;$hds-poi-focus-shopping;$hds-poi-default-shopping
;;600-6300-0246;Doughnut Shop;shopping_solid_16px.svg;;$hds-poi-focus-shopping;$hds-poi-default-shopping
;;600-6300-0363;Butcher;shopping_solid_16px.svg;;$hds-poi-focus-shopping;$hds-poi-default-shopping
;;600-6300-0364;Dairy Goods;shopping_solid_16px.svg;;$hds-poi-focus-shopping;$hds-poi-default-shopping
;6400 Drugstore or Pharmacy;600-6400-0000;Drugstore or Pharmacy;pharmacy_solid_16px.svg;;$hds-poi-focus-emergency;$hds-poi-default-emergency
;;600-6400-0069;Drugstore;shopping_solid_16px.svg;;$hds-poi-focus-shopping;$hds-poi-default-shopping
;;600-6400-0070;Pharmacy;pharmacy_solid_16px.svg;;$hds-poi-focus-emergency;$hds-poi-default-emergency
;6500 Electronics;600-6500-0072;Consumer Electronics Store;shopping_solid_16px.svg;;$hds-poi-focus-shopping;$hds-poi-default-shopping
;;600-6500-0073;Mobile Retailer;shopping_solid_16px.svg;;$hds-poi-focus-shopping;$hds-poi-default-shopping
;;600-6500-0074;Mobile Service Center;shopping_solid_16px.svg;;$hds-poi-focus-shopping;$hds-poi-default-shopping
;;600-6500-0075;Computer and Software;shopping_solid_16px.svg;;$hds-poi-focus-shopping;$hds-poi-default-shopping
;;600-6500-0076;Entertainment Electronics;shopping_solid_16px.svg;;$hds-poi-focus-shopping;$hds-poi-default-shopping
;6600 Hardware, House and Garden;600-6600-0000;Hardware, House and Garden;shopping_solid_16px.svg;;$hds-poi-focus-shopping;$hds-poi-default-shopping
;;600-6600-0077;Home Improvement;shopping_solid_16px.svg;;$hds-poi-focus-shopping;$hds-poi-default-shopping
;;600-6600-0078;Home Specialty Store;shopping_solid_16px.svg;;$hds-poi-focus-shopping;$hds-poi-default-shopping
;;600-6600-0079;Floor and Carpet;shopping_solid_16px.svg;;$hds-poi-focus-shopping;$hds-poi-default-shopping
;;600-6600-0080;Furniture Store;shopping_solid_16px.svg;;$hds-poi-focus-shopping;$hds-poi-default-shopping
;;600-6600-0082;Garden Center;shopping_solid_16px.svg;;$hds-poi-focus-shopping;$hds-poi-default-shopping
;;600-6600-0083;Glass and Window;shopping_solid_16px.svg;;$hds-poi-focus-shopping;$hds-poi-default-shopping
;;600-6600-0084;Lumber;shopping_solid_16px.svg;;$hds-poi-focus-shopping;$hds-poi-default-shopping
;;600-6600-0085;Major Appliance;shopping_solid_16px.svg;;$hds-poi-focus-shopping;$hds-poi-default-shopping
;;600-6600-0310;Power Equipment Dealer;shopping_solid_16px.svg;;$hds-poi-focus-shopping;$hds-poi-default-shopping
;;600-6600-0319;Paint Store;shopping_solid_16px.svg;;$hds-poi-focus-shopping;$hds-poi-default-shopping
;6700 Bookstore;600-6700-0000;Other Bookshop;bookstore_solid_16px.svg;;$hds-poi-focus-shopping;$hds-poi-default-shopping
;;600-6700-0087;Bookstore;bookstore_solid_16px.svg;;$hds-poi-focus-shopping;$hds-poi-default-shopping
;6800 Clothing and Accessories;600-6800-0000;Clothing and Accessories;shopping_solid_16px.svg;;$hds-poi-focus-shopping;$hds-poi-default-shopping
;;600-6800-0089;Men's Apparel;shopping_solid_16px.svg;;$hds-poi-focus-shopping;$hds-poi-default-shopping
;;600-6800-0090;Women's Apparel;shopping_solid_16px.svg;;$hds-poi-focus-shopping;$hds-poi-default-shopping
;;600-6800-0091;Children's Apparel;shopping_solid_16px.svg;;$hds-poi-focus-shopping;$hds-poi-default-shopping
;;600-6800-0092;Shoes-Footwear;shopping_solid_16px.svg;;$hds-poi-focus-shopping;$hds-poi-default-shopping
;;600-6800-0093;Specialty Clothing Store;shopping_solid_16px.svg;;$hds-poi-focus-shopping;$hds-poi-default-shopping
;6900 Consumer Goods;600-6900-0000;Consumer Goods;shopping_solid_16px.svg;;$hds-poi-focus-shopping;$hds-poi-default-shopping
;;600-6900-0094;Sporting Goods Store;shopping_solid_16px.svg;;$hds-poi-focus-shopping;$hds-poi-default-shopping
;;600-6900-0095;Office Supply and Services Store;shopping_solid_16px.svg;;$hds-poi-focus-shopping;$hds-poi-default-shopping
;;600-6900-0096;Specialty Store;shopping_solid_16px.svg;;$hds-poi-focus-shopping;$hds-poi-default-shopping
;;600-6900-0097;Pet Supply;shopping_solid_16px.svg;;$hds-poi-focus-shopping;$hds-poi-default-shopping
;;600-6900-0098;Warehouse-Wholesale Store;shopping_solid_16px.svg;;$hds-poi-focus-shopping;$hds-poi-default-shopping
;;600-6900-0099;General Merchandise;shopping_solid_16px.svg;;$hds-poi-focus-shopping;$hds-poi-default-shopping
;;600-6900-0100;Discount Store;shopping_solid_16px.svg;;$hds-poi-focus-shopping;$hds-poi-default-shopping
;;600-6900-0101;Flowers and Jewelry;shopping_solid_16px.svg;;$hds-poi-focus-shopping;$hds-poi-default-shopping
;;600-6900-0102;Variety Store;shopping_solid_16px.svg;;$hds-poi-focus-shopping;$hds-poi-default-shopping
;;600-6900-0103;Gift, Antique and Art;shopping_solid_16px.svg;;$hds-poi-focus-shopping;$hds-poi-default-shopping
;;600-6900-0105;Record, CD and Video;shopping_solid_16px.svg;;$hds-poi-focus-shopping;$hds-poi-default-shopping
;;600-6900-0106;Video and Game Rental;generic-point_solid_16px.svg;;$hds-poi-focus-shopping;$hds-poi-default-shopping
;;600-6900-0107;Cigar and Tobacco Shop;shopping_solid_16px.svg;;$hds-poi-focus-shopping;$hds-poi-default-shopping
;;600-6900-0108;Vaping Store;shopping_solid_16px.svg;;$hds-poi-focus-shopping;$hds-poi-default-shopping
;;600-6900-0246;Bicycle and Bicycle Accessories Shop;shopping_solid_16px.svg;;$hds-poi-focus-shopping;$hds-poi-default-shopping
;;600-6900-0247;Market;shopping_solid_16px.svg;;$hds-poi-focus-shopping;$hds-poi-default-shopping
;;600-6900-0248;Motorcycle Accessories;generic-point_solid_16px.svg;;$hds-poi-focus-shopping;$hds-poi-default-shopping
;;600-6900-0249;Non-Store Retailers;shopping_solid_16px.svg;;$hds-poi-focus-shopping;$hds-poi-default-shopping
;;600-6900-0250;Pawnshop;shopping_solid_16px.svg;;$hds-poi-focus-shopping;$hds-poi-default-shopping
;;600-6900-0251;Used-Second Hand Merchandise Stores;shopping_solid_16px.svg;;$hds-poi-focus-shopping;$hds-poi-default-shopping
;;600-6900-0305;Adult Shop;shopping_solid_16px.svg;;$hds-poi-focus-shopping;$hds-poi-default-shopping
;;600-6900-0307;Arts and Crafts Supplies;shopping_solid_16px.svg;;$hds-poi-focus-shopping;$hds-poi-default-shopping
;;600-6900-0355;Florist;shopping_solid_16px.svg;;$hds-poi-focus-shopping;$hds-poi-default-shopping
;;600-6900-0356;Jeweler;shopping_solid_16px.svg;;$hds-poi-focus-shopping;$hds-poi-default-shopping
;;600-6900-0358;Toy Store;shopping_solid_16px.svg;;$hds-poi-focus-shopping;$hds-poi-default-shopping
;;600-6900-0388;Hunting-Fishing Shop;shopping_solid_16px.svg;;$hds-poi-focus-shopping;$hds-poi-default-shopping
;;600-6900-0389;Running-Walking Shop;shopping_solid_16px.svg;;$hds-poi-focus-shopping;$hds-poi-default-shopping
;;600-6900-0390;Skate Shop;shopping_solid_16px.svg;;$hds-poi-focus-shopping;$hds-poi-default-shopping
;;600-6900-0391;Ski Shop;shopping_solid_16px.svg;;$hds-poi-focus-shopping;$hds-poi-default-shopping
;;600-6900-0392;Snowboard Shop;shopping_solid_16px.svg;;$hds-poi-focus-shopping;$hds-poi-default-shopping
;;600-6900-0393;Surf Shop;shopping_solid_16px.svg;;$hds-poi-focus-shopping;$hds-poi-default-shopping
;;600-6900-0394;BMX Shop;shopping_solid_16px.svg;;$hds-poi-focus-shopping;$hds-poi-default-shopping
;;600-6900-0395;Camping-Hiking Shop;shopping_solid_16px.svg;;$hds-poi-focus-shopping;$hds-poi-default-shopping
;;600-6900-0396;Canoe-Kayak Shop;shopping_solid_16px.svg;;$hds-poi-focus-shopping;$hds-poi-default-shopping
;;600-6900-0397;Cross Country Ski Shop;shopping_solid_16px.svg;;$hds-poi-focus-shopping;$hds-poi-default-shopping
;;600-6900-0398;Tack Shop;shopping_solid_16px.svg;;$hds-poi-focus-shopping;$hds-poi-default-shopping
;6950 Hair and Beauty;600-6950-0000;Hair and Beauty;generic-point_solid_16px.svg;;$hds-poi-focus-shopping;$hds-poi-default-shopping
;;600-6950-0399;Barber;generic-point_solid_16px.svg;;$hds-poi-focus-shopping;$hds-poi-default-shopping
;;600-6950-0400;Nail Salon;generic-point_solid_16px.svg;;$hds-poi-focus-shopping;$hds-poi-default-shopping
;;600-6950-0401;Hair Salon;generic-point_solid_16px.svg;;$hds-poi-focus-shopping;$hds-poi-default-shopping
700 Business and Services;7000 Banking;700-7000-0107;Bank;bank_solid_16px.svg;;$hds-poi-focus-business-services-areas;$hds-poi-default-business-services-areas
;7010 ATM;700-7010-0108;ATM;atm_solid_16px.svg;;$hds-poi-focus-business-services-areas;$hds-poi-default-business-services-areas
;7050 Money-Cash Services;700-7050-0109;Money Transferring Service;generic-point_solid_16px.svg;;$hds-poi-focus-business-services-areas;$hds-poi-default-business-services-areas
;;700-7050-0110;Check Cashing Service-Currency Exchange;generic-point_solid_16px.svg;;$hds-poi-focus-business-services-areas;$hds-poi-default-business-services-areas
;7100 Communication-Media;700-7100-0000;Communication-Media;generic-point_solid_16px.svg;;$hds-poi-focus-business-services-areas;$hds-poi-default-business-services-areas
;;700-7100-0134;Telephone Service;generic-point_solid_16px.svg;;$hds-poi-focus-business-services-areas;$hds-poi-default-business-services-areas
;7200 Commercial Services;700-7200-0000;Commercial Services;generic-point_solid_16px.svg;;$hds-poi-focus-business-services-areas;$hds-poi-default-business-services-areas
;;700-7200-0252;Advertising-Marketing, PR and Market Research;generic-point_solid_16px.svg;;$hds-poi-focus-business-services-areas;$hds-poi-default-business-services-areas
;;700-7200-0253;Catering and Other Food Services;generic-point_solid_16px.svg;;$hds-poi-focus-business-services-areas;$hds-poi-default-business-services-areas
;;700-7200-0254;Construction;generic-point_solid_16px.svg;;$hds-poi-focus-business-services-areas;$hds-poi-default-business-services-areas
;;700-7200-0255;Customer Care-Service Center;generic-point_solid_16px.svg;;$hds-poi-focus-business-services-areas;$hds-poi-default-business-services-areas
;;700-7200-0256;Engineering and Scientific Services;generic-point_solid_16px.svg;;$hds-poi-focus-business-services-areas;$hds-poi-default-business-services-areas
;;700-7200-0257;Farming;generic-point_solid_16px.svg;;$hds-poi-focus-business-services-areas;$hds-poi-default-business-services-areas
;;700-7200-0258;Food Production;generic-point_solid_16px.svg;;$hds-poi-focus-business-services-areas;$hds-poi-default-business-services-areas
;;700-7200-0259;Human Resources and Recruiting Services;generic-point_solid_16px.svg;;$hds-poi-focus-business-services-areas;$hds-poi-default-business-services-areas
;;700-7200-0260;Investigation Services;generic-point_solid_16px.svg;;$hds-poi-focus-business-services-areas;$hds-poi-default-business-services-areas
;;700-7200-0261;IT and Office Equipment Services;generic-point_solid_16px.svg;;$hds-poi-focus-business-services-areas;$hds-poi-default-business-services-areas
;;700-7200-0262;Landscaping Services;generic-point_solid_16px.svg;;$hds-poi-focus-business-services-areas;$hds-poi-default-business-services-areas
;;700-7200-0263;Locksmiths and Security Systems Services;generic-point_solid_16px.svg;;$hds-poi-focus-business-services-areas;$hds-poi-default-business-services-areas
;;700-7200-0264;Management and Consulting Services;generic-point_solid_16px.svg;;$hds-poi-focus-business-services-areas;$hds-poi-default-business-services-areas
;;700-7200-0265;Manufacturing;generic-point_solid_16px.svg;;$hds-poi-focus-business-services-areas;$hds-poi-default-business-services-areas
;;700-7200-0266;Mining;generic-point_solid_16px.svg;;$hds-poi-focus-business-services-areas;$hds-poi-default-business-services-areas
;;700-7200-0267;Modeling Agencies;generic-point_solid_16px.svg;;$hds-poi-focus-business-services-areas;$hds-poi-default-business-services-areas
;;700-7200-0268;Motorcycle Service and Maintenance;generic-point_solid_16px.svg;;$hds-poi-focus-business-services-areas;$hds-poi-default-business-services-areas
;;700-7200-0269;Organizations and Societies;generic-point_solid_16px.svg;;$hds-poi-focus-business-services-areas;$hds-poi-default-business-services-areas
;;700-7200-0270;Entertainment and Recreation;generic-point_solid_16px.svg;;$hds-poi-focus-business-services-areas;$hds-poi-default-business-services-areas
;;700-7200-0271;Finance and Insurance;generic-point_solid_16px.svg;;$hds-poi-focus-business-services-areas;$hds-poi-default-business-services-areas
;;700-7200-0272;Healthcare and Healthcare Support Services;generic-point_solid_16px.svg;;$hds-poi-focus-business-services-areas;$hds-poi-default-business-services-areas
;;700-7200-0274;Rental and Leasing;generic-point_solid_16px.svg;;$hds-poi-focus-business-services-areas;$hds-poi-default-business-services-areas
;;700-7200-0275;Repair and Maintenance Services;generic-point_solid_16px.svg;;$hds-poi-focus-business-services-areas;$hds-poi-default-business-services-areas
;;700-7200-0276;Printing and Publishing;generic-point_solid_16px.svg;;$hds-poi-focus-business-services-areas;$hds-poi-default-business-services-areas
;;700-7200-0277;Specialty Trade Contractors;generic-point_solid_16px.svg;;$hds-poi-focus-business-services-areas;$hds-poi-default-business-services-areas
;;700-7200-0278;Towing Service;generic-point_solid_16px.svg;;$hds-poi-focus-business-services-areas;$hds-poi-default-business-services-areas
;;700-7200-0279;Translation and Interpretation Services;generic-point_solid_16px.svg;;$hds-poi-focus-business-services-areas;$hds-poi-default-business-services-areas
;;700-7200-0324;Apartment Rental-Flat Rental;generic-point_solid_16px.svg;;$hds-poi-focus-business-services-areas;$hds-poi-default-business-services-areas
;;700-7200-0328;B2B Sales and Services;generic-point_solid_16px.svg;;$hds-poi-focus-business-services-areas;$hds-poi-default-business-services-areas
;;700-7200-0329;B2B Restaurant Services;generic-point_solid_16px.svg;;$hds-poi-focus-business-services-areas;$hds-poi-default-business-services-areas
;;700-7200-0330;Aviation;generic-point_solid_16px.svg;;$hds-poi-focus-business-services-areas;$hds-poi-default-business-services-areas
;;700-7200-0342;Interior and Exterior Design;generic-point_solid_16px.svg;;$hds-poi-focus-business-services-areas;$hds-poi-default-business-services-areas
;;700-7200-0344;Property Management;generic-point_solid_16px.svg;;$hds-poi-focus-business-services-areas;$hds-poi-default-business-services-areas
;;700-7200-0345;Financial Investment Firm;generic-point_solid_16px.svg;;$hds-poi-focus-business-services-areas;$hds-poi-default-business-services-areas
;7250 Business-Industry;700-7250-0136;Business Facility;generic-point_solid_16px.svg;;$hds-poi-focus-business-services-areas;$hds-poi-default-business-services-areas
;7300 Police-Fire-Emergency;700-7300-0110;Police Boxes;generic-point_solid_16px.svg;;$hds-poi-focus-emergency;$hds-poi-default-emergency
;;700-7300-0111;Police Station;police_solid_16px.svg;;$hds-poi-focus-emergency;$hds-poi-default-emergency
;;700-7300-0112;Police Services-Security;generic-point_solid_16px.svg;;$hds-poi-focus-emergency;$hds-poi-default-emergency
;;700-7300-0113;Fire Department;generic-point_solid_16px.svg;;$hds-poi-focus-emergency;$hds-poi-default-emergency
;;700-7300-0280;Ambulance Services;generic-point_solid_16px.svg;;$hds-poi-focus-emergency;$hds-poi-default-emergency
;7400 Consumer Services;700-7400-0000;Consumer Services;generic-point_solid_16px.svg;;$hds-poi-focus-business-services-areas;$hds-poi-default-business-services-areas
;;700-7400-0133;Travel Agent-Ticketing;generic-point_solid_16px.svg;;$hds-poi-focus-business-services-areas;$hds-poi-default-business-services-areas
;;700-7400-0137;Dry Cleaning and Laundry;laundry_solid_16px.svg;;$hds-poi-focus-business-services-areas;$hds-poi-default-business-services-areas
;;700-7400-0138;Attorney;generic-point_solid_16px.svg;;$hds-poi-focus-business-services-areas;$hds-poi-default-business-services-areas
;;700-7400-0140;Boating;generic-point_solid_16px.svg;;$hds-poi-focus-business-services-areas;$hds-poi-default-business-services-areas
;;700-7400-0141;Business Service;generic-point_solid_16px.svg;;$hds-poi-focus-business-services-areas;$hds-poi-default-business-services-areas
;;700-7400-0142;Funeral Director;generic-point_solid_16px.svg;;$hds-poi-focus-business-services-areas;$hds-poi-default-business-services-areas
;;700-7400-0143;Mover;generic-point_solid_16px.svg;;$hds-poi-focus-business-services-areas;$hds-poi-default-business-services-areas
;;700-7400-0144;Photography;generic-point_solid_16px.svg;;$hds-poi-focus-business-services-areas;$hds-poi-default-business-services-areas
;;700-7400-0145;Real Estate Services;generic-point_solid_16px.svg;;$hds-poi-focus-business-services-areas;$hds-poi-default-business-services-areas
;;700-7400-0146;Repair Service;generic-point_solid_16px.svg;;$hds-poi-focus-business-services-areas;$hds-poi-default-business-services-areas
;;700-7400-0147;Social Service;generic-point_solid_16px.svg;;$hds-poi-focus-business-services-areas;$hds-poi-default-business-services-areas
;;700-7400-0148;Storage;generic-point_solid_16px.svg;;$hds-poi-focus-business-services-areas;$hds-poi-default-business-services-areas
;;700-7400-0149;Tailor and Alteration;generic-point_solid_16px.svg;;$hds-poi-focus-business-services-areas;$hds-poi-default-business-services-areas
;;700-7400-0150;Tax Service;generic-point_solid_16px.svg;;$hds-poi-focus-business-services-areas;$hds-poi-default-business-services-areas
;;700-7400-0151;Utilities;generic-point_solid_16px.svg;;$hds-poi-focus-business-services-areas;$hds-poi-default-business-services-areas
;;700-7400-0152;Waste and Sanitary;generic-point_solid_16px.svg;;$hds-poi-focus-business-services-areas;$hds-poi-default-business-services-areas
;;700-7400-0281;Bicycle Service and Maintenance;generic-point_solid_16px.svg;;$hds-poi-focus-business-services-areas;$hds-poi-default-business-services-areas
;;700-7400-0282;Bill Payment Service;generic-point_solid_16px.svg;;$hds-poi-focus-business-services-areas;$hds-poi-default-business-services-areas
;;700-7400-0283;Body Piercing and Tattoos;generic-point_solid_16px.svg;;$hds-poi-focus-business-services-areas;$hds-poi-default-business-services-areas
;;700-7400-0284;Wedding Services and Bridal Studio;generic-point_solid_16px.svg;;$hds-poi-focus-business-services-areas;$hds-poi-default-business-services-areas
;;700-7400-0285;Internet Cafe;generic-point_solid_16px.svg;;$hds-poi-focus-business-services-areas;$hds-poi-default-business-services-areas
;;700-7400-0286;Kindergarten and Childcare;generic-point_solid_16px.svg;;$hds-poi-focus-business-services-areas;$hds-poi-default-business-services-areas
;;700-7400-0287;Maid Services;generic-point_solid_16px.svg;;$hds-poi-focus-business-services-areas;$hds-poi-default-business-services-areas
;;700-7400-0288;Marriage and Match Making Services;generic-point_solid_16px.svg;;$hds-poi-focus-business-services-areas;$hds-poi-default-business-services-areas
;;700-7400-0289;Public Administration;generic-point_solid_16px.svg;;$hds-poi-focus-business-services-areas;$hds-poi-default-business-services-areas
;;700-7400-0292;Wellness Center and Services;generic-point_solid_16px.svg;;$hds-poi-focus-business-services-areas;$hds-poi-default-business-services-areas
;;700-7400-0293;Pet Care;generic-point_solid_16px.svg;;$hds-poi-focus-business-services-areas;$hds-poi-default-business-services-areas
;;700-7400-0327;Legal Services;generic-point_solid_16px.svg;;$hds-poi-focus-business-services-areas;$hds-poi-default-business-services-areas
;;700-7400-0343;Tanning Salon;generic-point_solid_16px.svg;;$hds-poi-focus-business-services-areas;$hds-poi-default-business-services-areas
;;700-7400-0352;Recycling Center;generic-point_solid_16px.svg;;$hds-poi-focus-business-services-areas;$hds-poi-default-business-services-areas
;;700-7400-0365;Electrical;generic-point_solid_16px.svg;;$hds-poi-focus-business-services-areas;$hds-poi-default-business-services-areas
;;700-7400-0366;Plumbing;generic-point_solid_16px.svg;;$hds-poi-focus-business-services-areas;$hds-poi-default-business-services-areas
;7450 Post Office;700-7450-0114;Post Office;post_solid_16px.svg;;$hds-poi-focus-business-services-areas;$hds-poi-default-business-services-areas
;7460 Tourist Information;700-7460-0115;Tourist Information;tourist-information_solid_16px.svg;;$hds-poi-focus-business-services-areas;$hds-poi-default-business-services-areas
;7600 Fueling Station;700-7600-0000;Fueling Station;petrol-station_solid_16px.svg;;$hds-poi-focus-transport;$hds-poi-default-transport
;;700-7600-0116;Petrol-Gasoline Station;petrol-station_solid_16px.svg;;$hds-poi-focus-transport;$hds-poi-default-transport
;;700-7600-0322;EV Charging Station;car-charging_solid_16px.svg;;$hds-poi-focus-transport;$hds-poi-default-transport
;;700-7600-0325;EV Battery Swap Station;generic-point_solid_16px.svg;;$hds-poi-focus-transport;$hds-poi-default-transport
;;700-7600-0444;Hydrogen Fuel Station;generic-point_solid_16px.svg;;$hds-poi-focus-transport;$hds-poi-default-transport
;7800 Car Dealer-Sales;700-7800-0118;Automobile Dealership-New Cars;car-dealership_solid_16px.svg;;$hds-poi-focus-business-services-areas;$hds-poi-default-business-services-areas
;;700-7800-0119;Automobile Dealership-Used Cars;car-dealership_solid_16px.svg;;$hds-poi-focus-business-services-areas;$hds-poi-default-business-services-areas
;;700-7800-0120;Motorcycle Dealership;generic-point_solid_16px.svg;;$hds-poi-focus-business-services-areas;$hds-poi-default-business-services-areas
;7850 Car Repair-Service;700-7850-0000;Car Repair-Service;car-repair_solid_16px.svg;;$hds-poi-focus-business-services-areas;$hds-poi-default-business-services-areas
;;700-7850-0121;Car Wash-Detailing;car-wash_solid_16px.svg;;$hds-poi-focus-business-services-areas;$hds-poi-default-business-services-areas
;;700-7850-0122;Car Repair;car-repair_solid_16px.svg;;$hds-poi-focus-business-services-areas;$hds-poi-default-business-services-areas
;;700-7850-0123;Auto Parts;car-repair_solid_16px.svg;;$hds-poi-focus-business-services-areas;$hds-poi-default-business-services-areas
;;700-7850-0124;Emission Testing;generic-point_solid_16px.svg;;$hds-poi-focus-business-services-areas;$hds-poi-default-business-services-areas
;;700-7850-0125;Tire Repair;generic-point_solid_16px.svg;;$hds-poi-focus-business-services-areas;$hds-poi-default-business-services-areas
;;700-7850-0126;Truck Repair;generic-point_solid_16px.svg;;$hds-poi-focus-business-services-areas;$hds-poi-default-business-services-areas
;;700-7850-0127;Van Repair;generic-point_solid_16px.svg;;$hds-poi-focus-business-services-areas;$hds-poi-default-business-services-areas
;;700-7850-0128;Road Assistance;generic-point_solid_16px.svg;;$hds-poi-focus-business-services-areas;$hds-poi-default-business-services-areas
;;700-7850-0129;Automobile Club;generic-point_solid_16px.svg;;$hds-poi-focus-business-services-areas;$hds-poi-default-business-services-areas
;7851 Car Rental;700-7851-0117;Rental Car Agency;car-rental_solid_16px.svg;;$hds-poi-focus-business-services-areas;$hds-poi-default-business-services-areas
;7900 Truck-Semi Dealer-Services;700-7900-0000;Truck-Semi Dealer-Services;generic-point_solid_16px.svg;;$hds-poi-focus-business-services-areas;$hds-poi-default-business-services-areas
;;700-7900-0130;Truck Dealership;generic-point_solid_16px.svg;;$hds-poi-focus-business-services-areas;$hds-poi-default-business-services-areas
;;700-7900-0131;Truck Parking;;;$hds-poi-focus-business-services-areas;$hds-poi-default-business-services-areas
;;700-7900-0132;Truck Stop-Plaza;generic-point_solid_16px.svg;;$hds-poi-focus-business-services-areas;$hds-poi-default-business-services-areas
;;700-7900-0323;Truck Wash;generic-point_solid_16px.svg;;$hds-poi-focus-business-services-areas;$hds-poi-default-business-services-areas
800 Facilities;;800-8000-0000;Hospital or Health Care Facility;generic-point_solid_16px.svg;;$hds-poi-focus-facilities;$hds-poi-default-facilities
;;800-8000-0154;Dentist-Dental Office;generic-point_solid_16px.svg;;$hds-poi-focus-facilities;$hds-poi-default-facilities
;;800-8000-0155;Family-General Practice Physicians;generic-point_solid_16px.svg;;$hds-poi-focus-facilities;$hds-poi-default-facilities
;;800-8000-0156;Psychiatric Institute;generic-point_solid_16px.svg;;$hds-poi-focus-facilities;$hds-poi-default-facilities
;;800-8000-0157;Nursing Home;generic-point_solid_16px.svg;;$hds-poi-focus-facilities;$hds-poi-default-facilities
;;800-8000-0158;Medical Services-Clinics;generic-point_solid_16px.svg;;$hds-poi-focus-facilities;$hds-poi-default-facilities
;;800-8000-0159;Hospital;hospital_solid_16px.svg;;$hds-poi-focus-emergency;$hds-poi-default-emergency
;;800-8000-0161;Optical;generic-point_solid_16px.svg;;$hds-poi-focus-facilities;$hds-poi-default-facilities
;;800-8000-0162;Veterinarian;generic-point_solid_16px.svg;;$hds-poi-focus-facilities;$hds-poi-default-facilities
;;800-8000-0325;Hospital Emergency Room;first-aid_solid_16px.svg;;$hds-poi-focus-emergency;$hds-poi-default-emergency
;;800-8000-0340;Therapist;generic-point_solid_16px.svg;;$hds-poi-focus-facilities;$hds-poi-default-facilities
;;800-8000-0341;Chiropractor;generic-point_solid_16px.svg;;$hds-poi-focus-facilities;$hds-poi-default-facilities
;;800-8000-0367;Blood Bank;generic-point_solid_16px.svg;;$hds-poi-focus-facilities;$hds-poi-default-facilities
;;800-8000-0400;COVID-19 Testing Site;generic-point_solid_16px.svg;;$hds-poi-focus-facilities;$hds-poi-default-facilities
;;800-8100-0000;Government or Community Facility;facilities_solid_16px.svg;;$hds-poi-focus-facilities;$hds-poi-default-facilities
;;800-8100-0163;City Hall;facilities_solid_16px.svg;;$hds-poi-focus-facilities;$hds-poi-default-facilities
;;800-8100-0164;Embassy;facilities_solid_16px.svg;;$hds-poi-focus-facilities;$hds-poi-default-facilities
;;800-8100-0165;Military Base;generic-point_solid_16px.svg;;$hds-poi-focus-facilities;$hds-poi-default-facilities
;;800-8100-0168;County Council;facilities_solid_16px.svg;;$hds-poi-focus-facilities;$hds-poi-default-facilities
;;800-8100-0169;Civic-Community Center;facilities_solid_16px.svg;;$hds-poi-focus-facilities;$hds-poi-default-facilities
;;800-8100-0170;Court House;facilities_solid_16px.svg;;$hds-poi-focus-facilities;$hds-poi-default-facilities
;;800-8100-0171;Government Office;facilities_solid_16px.svg;;$hds-poi-focus-facilities;$hds-poi-default-facilities
;;800-8100-0172;Border Crossing;frontier-crossing_solid_16px.svg;;$hds-poi-focus-facilities;$hds-poi-default-facilities
;;800-8200-0000;Education Facility;education_solid_16px.svg;;$hds-poi-focus-facilities;$hds-poi-default-facilities
;;800-8200-0173;Higher Education;education_solid_16px.svg;;$hds-poi-focus-facilities;$hds-poi-default-facilities
;;800-8200-0174;School;education_solid_16px.svg;;$hds-poi-focus-facilities;$hds-poi-default-facilities
;;800-8200-0295;Training and Development;generic-point_solid_16px.svg;;$hds-poi-focus-facilities;$hds-poi-default-facilities
;;800-8200-0360;Coaching Institute;generic-point_solid_16px.svg;;$hds-poi-focus-facilities;$hds-poi-default-facilities
;;800-8200-0361;Fine Arts;education_solid_16px.svg;;$hds-poi-focus-facilities;$hds-poi-default-facilities
;;800-8200-0362;Language Studies;education_solid_16px.svg;;$hds-poi-focus-facilities;$hds-poi-default-facilities
;;800-8300-0000;Other Library;library_solid_16px.svg;;$hds-poi-focus-facilities;$hds-poi-default-facilities
;;800-8300-0175;Library;library_solid_16px.svg;;$hds-poi-focus-facilities;$hds-poi-default-facilities
;;800-8400-0000;Event Spaces;facilities_solid_16px.svg;;$hds-poi-focus-facilities;$hds-poi-default-facilities
;;800-8400-0139;Banquet Hall;generic-point_solid_16px.svg;;$hds-poi-focus-facilities;$hds-poi-default-facilities
;;800-8400-0176;Convention-Exhibition Center;exhibition-center_solid_16px.svg;;$hds-poi-focus-facilities;$hds-poi-default-facilities
;;800-8500-0000;Parking;parking_solid_16px.svg;;$hds-poi-focus-parking;$hds-poi-default-parking
;;800-8500-0177;Parking Garage-Parking House;parking-garage_solid_16px.svg;;$hds-poi-focus-parking;$hds-poi-default-parking
;;800-8500-0178;Parking Lot;parking_solid_16px.svg;;$hds-poi-focus-parking;$hds-poi-default-parking
;;800-8500-0179;Park and Ride;park-and-ride_solid_16px.svg;;$hds-poi-focus-parking;$hds-poi-default-parking
;;800-8500-0200;Motorcycle, Moped and Scooter Parking;parking_solid_16px.svg;;$hds-poi-focus-parking;$hds-poi-default-parking
;;800-8500-0315;Cellphone Parking Lot;parking_solid_16px.svg;;$hds-poi-focus-parking;$hds-poi-default-parking
;;800-8600-0000;Sports Facility-Venue;generic-point_solid_16px.svg;;$hds-poi-focus-facilities;$hds-poi-default-facilities
;;800-8600-0180;Sports Complex-Stadium;stadium_solid_16px.svg;;$hds-poi-focus-facilities;$hds-poi-default-facilities
;;800-8600-0181;Ice Skating Rink;generic-point_solid_16px.svg;;$hds-poi-focus-facilities;$hds-poi-default-facilities
;;800-8600-0182;Swimming Pool;swimming_solid_16px.svg;;$hds-poi-focus-facilities;$hds-poi-default-facilities
;;800-8600-0183;Tennis Court;generic-point_solid_16px.svg;;$hds-poi-focus-facilities;$hds-poi-default-facilities
;;800-8600-0184;Bowling Center;bowling_solid_16px.svg;;$hds-poi-focus-facilities;$hds-poi-default-facilities
;;800-8600-0185;Indoor Ski;generic-point_solid_16px.svg;;$hds-poi-focus-facilities;$hds-poi-default-facilities
;;800-8600-0186;Hockey;generic-point_solid_16px.svg;;$hds-poi-focus-facilities;$hds-poi-default-facilities
;;800-8600-0187;Racquetball Court;generic-point_solid_16px.svg;;$hds-poi-focus-facilities;$hds-poi-default-facilities
;;800-8600-0188;Shooting Range;generic-point_solid_16px.svg;;$hds-poi-focus-facilities;$hds-poi-default-facilities
;;800-8600-0189;Soccer Club;generic-point_solid_16px.svg;;$hds-poi-focus-facilities;$hds-poi-default-facilities
;;800-8600-0190;Squash Court;generic-point_solid_16px.svg;;$hds-poi-focus-facilities;$hds-poi-default-facilities
;;800-8600-0191;Fitness-Health Club;fitness_solid_16px.svg;;$hds-poi-focus-facilities;$hds-poi-default-facilities
;;800-8600-0192;Indoor Sports;generic-point_solid_16px.svg;;$hds-poi-focus-facilities;$hds-poi-default-facilities
;;800-8600-0193;Golf Course;golf-course_solid_16px.svg;;$hds-poi-focus-leisure-outdoor;$hds-poi-default-leisure-outdoor
;;800-8600-0194;Golf Practice Range;golf-course_solid_16px.svg;;$hds-poi-focus-leisure-outdoor;$hds-poi-default-leisure-outdoor
;;800-8600-0195;Race Track;stadium_solid_16px.svg;;$hds-poi-focus-facilities;$hds-poi-default-facilities
;;800-8600-0196;Sporting Instruction and Camps;generic-point_solid_16px.svg;;$hds-poi-focus-facilities;$hds-poi-default-facilities
;;800-8600-0197;Sports Activities;generic-point_solid_16px.svg;;$hds-poi-focus-facilities;$hds-poi-default-facilities
;;800-8600-0199;Basketball;generic-point_solid_16px.svg;;$hds-poi-focus-facilities;$hds-poi-default-facilities
;;800-8600-0200;Badminton;generic-point_solid_16px.svg;;$hds-poi-focus-facilities;$hds-poi-default-facilities
;;800-8600-0314;Rugby;generic-point_solid_16px.svg;;$hds-poi-focus-facilities;$hds-poi-default-facilities
;;800-8600-0316;Diving Center;generic-point_solid_16px.svg;;$hds-poi-focus-facilities;$hds-poi-default-facilities
;;800-8600-0376;Bike Park;generic-point_solid_16px.svg;;$hds-poi-focus-facilities;$hds-poi-default-facilities
;;800-8600-0377;BMX Track;generic-point_solid_16px.svg;;$hds-poi-focus-facilities;$hds-poi-default-facilities
;;800-8600-0381;Running Track;generic-point_solid_16px.svg;;$hds-poi-focus-facilities;$hds-poi-default-facilities
;;800-8700-0000;Facilities;generic-point_solid_16px.svg;;$hds-poi-focus-facilities;$hds-poi-default-facilities
;;800-8700-0166;Cemetery;cemetry_solid_16px.svg;;$hds-poi-focus-facilities;$hds-poi-default-facilities
;;800-8700-0167;Crematorium;generic-point_solid_16px.svg;;$hds-poi-focus-facilities;$hds-poi-default-facilities
;;800-8700-0198;Public Restroom-Toilets;public-toilet_solid_16px.svg;;$hds-poi-focus-facilities;$hds-poi-default-facilities
;;800-8700-0296;Clubhouse;generic-point_solid_16px.svg;;$hds-poi-focus-facilities;$hds-poi-default-facilities
;;800-8700-0298;Registration Office;generic-point_solid_16px.svg;;$hds-poi-focus-facilities;$hds-poi-default-facilities
900 Areas and Buildings;9100 City, Town or Village;900-9100-0000;City, Town or Village;generic-point_solid_16px.svg;;$hds-poi-focus-business-services-areas;$hds-poi-default-business-services-areas
;;900-9100-0214;Hamlet;generic-point_solid_16px.svg;;$hds-poi-focus-business-services-areas;$hds-poi-default-business-services-areas
;;900-9100-0215;Named Place;generic-point_solid_16px.svg;;$hds-poi-focus-business-services-areas;$hds-poi-default-business-services-areas
;;900-9100-0216;Neighborhood;generic-point_solid_16px.svg;;$hds-poi-focus-business-services-areas;$hds-poi-default-business-services-areas
;9200 Outdoor Area-Complex;900-9200-0000;Outdoor Area-Complex;generic-point_solid_16px.svg;;$hds-poi-focus-business-services-areas;$hds-poi-default-business-services-areas
;;900-9200-0218;Industrial Zone;generic-point_solid_16px.svg;;$hds-poi-focus-business-services-areas;$hds-poi-default-business-services-areas
;;900-9200-0219;Marina;harbor_solid_16px.svg;;$hds-poi-focus-water-undersea;$hds-poi-default-water-undersea
;;900-9200-0220;RV Parks;generic-point_solid_16px.svg;;$hds-poi-focus-business-services-areas;$hds-poi-default-business-services-areas
;;900-9200-0299;Collective Community;generic-point_solid_16px.svg;;$hds-poi-focus-business-services-areas;$hds-poi-default-business-services-areas
;;900-9200-0301;Island;generic-point_solid_16px.svg;;$hds-poi-focus-business-services-areas;$hds-poi-default-business-services-areas
;;900-9200-0386;Meeting Point;generic-point_solid_16px.svg;;$hds-poi-focus-business-services-areas;$hds-poi-default-business-services-areas
;9300 Building;900-9300-0000;Building;generic-point_solid_16px.svg;;$hds-poi-focus-business-services-areas;$hds-poi-default-business-services-areas
;;900-9300-0221;Residential Area-Building;generic-point_solid_16px.svg;;$hds-poi-focus-business-services-areas;$hds-poi-default-business-services-areas
;9400 Administrative Region-Streets;900-9400-0000;Administrative Region-Streets;generic-point_solid_16px.svg;;$hds-poi-focus-business-services-areas;$hds-poi-default-business-services-areas
;;900-9400-0399;Administrative Region;generic-point_solid_16px.svg;;$hds-poi-focus-business-services-areas;$hds-poi-default-business-services-areas
;;900-9400-0400;Postal Area;generic-point_solid_16px.svg;;$hds-poi-focus-business-services-areas;$hds-poi-default-business-services-areas
;;900-9400-0401;Street or Square;generic-point_solid_16px.svg;;$hds-poi-focus-business-services-areas;$hds-poi-default-business-services-areas
;;900-9400-0402;Intersection;generic-point_solid_16px.svg;;$hds-poi-focus-business-services-areas;$hds-poi-default-business-services-areas